{"cameraMode":{"drawMode":0,"name":"Shaded","section":"Shading Mode"},"sceneLighting":true,"audioPlay":false,"sceneViewState":{"m_AlwaysRefresh":false,"showFog":true,"showSkybox":true,"showFlares":true,"showImageEffects":true,"showParticleSystems":true,"showVisualEffectGraphs":true,"m_FxEnabled":true},"in2DMode":false,"pivot":{"x":3.6014130115509035,"y":0.11808359622955322,"z":1.723550796508789},"rotation":{"x":-0.043726157397031787,"y":-0.05631843954324722,"z":0.0024684229865670206,"w":-0.9974565505981445},"size":9.012149810791016,"orthographic":false}