{"cameraMode":{"drawMode":0,"name":"Shaded","section":"Shading Mode"},"sceneLighting":true,"audioPlay":false,"sceneViewState":{"m_AlwaysRefresh":false,"showFog":true,"showSkybox":true,"showFlares":true,"showImageEffects":true,"showParticleSystems":true,"showVisualEffectGraphs":true,"m_FxEnabled":true},"in2DMode":false,"pivot":{"x":2.240000009536743,"y":5.420000076293945,"z":3.2300000190734865},"rotation":{"x":-0.0437840037047863,"y":0.023073747754096986,"z":-0.0010108030401170254,"w":-0.9987764358520508},"size":3.2660279273986818,"orthographic":false}