{"cameraMode":{"drawMode":0,"name":"Shaded","section":"Shading Mode"},"sceneLighting":false,"audioPlay":false,"sceneViewState":{"m_AlwaysRefresh":false,"showFog":true,"showSkybox":true,"showFlares":true,"showImageEffects":true,"showParticleSystems":true,"showVisualEffectGraphs":true,"m_FxEnabled":true},"in2DMode":false,"pivot":{"x":1.4030773639678956,"y":2.9600000381469728,"z":8.303346633911133},"rotation":{"x":0.09275319427251816,"y":0.2510840892791748,"z":-0.024178365245461465,"w":0.9632079601287842},"size":0.8660253882408142,"orthographic":false}