{"cameraMode":{"drawMode":0,"name":"Shaded","section":"Shading Mode"},"sceneLighting":false,"audioPlay":false,"sceneViewState":{"m_AlwaysRefresh":false,"showFog":true,"showSkybox":true,"showFlares":true,"showImageEffects":true,"showParticleSystems":true,"showVisualEffectGraphs":true,"m_FxEnabled":true},"in2DMode":false,"pivot":{"x":-0.018820762634277345,"y":3.351088762283325,"z":-0.6680810451507568},"rotation":{"x":0.09275319427251816,"y":0.2510840892791748,"z":-0.024178365245461465,"w":0.9632079601287842},"size":4.232877254486084,"orthographic":false}